ingredients,10+ year old blended rum
10+ year old blended rum,1.0
aalborg taffel akvavit,1.0
abasolo mexican corn whisky,0.0
abbotts bitters,0.0
aberfeldy 12 year old single malt,0.0
abricot  eau-de-vie,0.0
absinthe,0.0
acidic cocktail mixer,0.0
acqua bianca liqueur,0.0
adelaide hills distillery bitter orange aperitif,0.0
advocaat liqueur,0.0
agave sec liqueur,0.0
agave syrup,0.0
agavero liqueur,0.0
aged grappa,0.0
albumin / powdered egg white,0.0
alchermes,0.0
algarrobo extract,0.0
alizé gold passion,0.0
allspice jamaica pepper,0.0
almond milk,0.0
aloe vera juice drink,0.0
amaretto,0.0
amargo chuncho bitters,0.0
amaro braulio,0.0
amaro ciociaro liqueur,0.0
amaro delletna,0.0
amaro lucano,0.0
amaro nonino,0.0
amaro nonino quintessentia,0.0
amarula cream liqueur,0.0
amber rum,0.0
ambre/amber vermouth,0.0
amer picon,0.0
american brandy,0.0
americano bianco,0.0
americano rosso/rosa,0.0
amontillado sherry,0.0
ancho reyes chile liqueur,0.0
angostura,0.0
anise / aniseed syrup,0.0
anisette liqueur,0.0
antica ricetta barolo chinato,0.0
antésite anise,0.0
aperitivo rosato ramazzotti,0.0
aperol,0.0
aphrodite bitters,0.0
apple,0.0
apple & cardamom shrub,0.0
apple butter,0.0
apple cider,0.0
apple cider vinegar,0.0
apple juice,0.0
apple sugar syrup,0.0
applejack brandy,0.0
applejack brandy bottled-in-bond,0.0
appleton estate 151 dark rum,0.0
appleton estate rare blend 12 year old jamaican rum,0.0
appleton estate reserve blend,0.0
appleton estate signature blend,0.0
appleton estate special,0.0
apricot brandy liqueur,0.0
apricot jam,0.0
apricot liqueur,0.0
aquafaba,0.0
aquavit,0.0
archers peach schnapps,0.0
ardbeg 5yo wee bestie,0.0
ardbeg ten,0.0
arette classic blanco,0.0
armagnac brandy,0.0
aromatic tonic water,0.0
artichoke essence,0.0
artisan barrel smoked cola,0.0
asti spumante,0.0
averna amaro,0.0
bacardi carta negra superior,0.0
bacardi spiced,0.0
bacon seasoning,0.0
baileys chocolate luxe liqueur,0.0
balsamic vinegar of modena,0.0
banana,0.0
banana  sugar syrup,0.0
banana juice drink,0.0
banana tea,0.0
banana tea soda,0.0
barbancourt five star reserve speciale 8yo rum,0.0
barenjager honey liqueur,0.0
barley malt syrup,0.0
barolo chinato,0.0
barolo wine,0.0
barrel aged red beer,0.0
barsol acholado pisco,0.0
barsol mosto verde italia pisco,0.0
barsol primero quebranta pisco,0.0
barsol supremo mosto verde italia pisco,0.0
basil haydens small batch kentucky straight bourbon,0.0
basil leaves,0.0
basil sugar syrup,0.0
batavia arrack,0.0
beavertown smog rocket smoked porter,0.0
becherovka cordial,0.0
becherovka liqueur,0.0
beef bouillon,0.0
beetroot juice,0.0
beetroot syrup,0.0
belgium dubbel abbey ale,0.0
belsazar vermouth rose,0.0
bepi tosolini fragola wild strawberry liqueur,0.0
bepi tosolini grappa di moscato,0.0
bepi tosolini i legni rovere grappa,0.0
berentzen apple schnapps liqueur,0.0
bergamot cordial,0.0
bergamot juice,0.0
berry fruit tea,0.0
bianco vermouth,0.0
bigallet china china amer,0.0
bigallet genepi grand tetras,0.0
bigallet thym,0.0
birch sap liqueur,0.0
birch spirit/birch eau-de-vie,0.0
birch water,0.0
bitter almond liqueur,0.0
bitter araucano / bitter brusco,0.0
bitter bianco liqueur,0.0
bittermens burlesque bitters,0.0
bittermens elemakule tiki bitters,0.0
bittermens hellfire habanero shrub,0.0
bittermens winter melon bitters,0.0
bittermens xocolatl mole bitters,0.0
bittersweet orange-red aperitivo,0.0
black cherry jam,0.0
black olives,0.0
black pepper,0.0
black raspberry liqueur,0.0
black sambuca liqueur,0.0
black strap molasses,0.0
black tea,0.0
black truffle honey,0.0
black walnut bitters,0.0
blackberries,0.0
blackberry  sugar syrup,0.0
blackcurrant / cassis sugar syrup,0.0
blackcurrant jam,0.0
blackcurrant juice,0.0
blackcurrants,0.0
blackthorn berry liqueur,0.0
blanche armagnac,0.0
blended & aged 3-5yo med-bodied molasses rum,0.0
blended/vatted scotch malt whisky,0.0
blood orange bitters,0.0
blood orange juice,0.0
blood orange liqueur,0.0
blossoms grenadine syrup,0.0
blossoms passionfruit syrup,0.0
blossoms raspberry syrup,0.0
blue curaçao liqueur,0.0
blueberries,0.0
blueberry syrup,0.0
blueberry tea,0.0
bobs abbotts bitters,0.0
bobs cardamom bitters,0.0
bobs chocolate bitters,0.0
bobs coriander bitters,0.0
bobs lavender bitters,0.0
bobs liquorice bitters,0.0
bobs peppermint bitters,0.0
bobs vanilla bitters,0.0
boddingtons beer,0.0
boiling water,0.0
bokers bitters,0.0
bols banana liqueur,0.0
bols blackberry liqueur,0.0
bols blue curaçao,0.0
bols blueberry liqueur,0.0
bols butterscotch liqueur,0.0
bols crème de cacao brown,0.0
bols crème de cacao white,0.0
bols genever,0.0
bols green tea liqueur,0.0
bols natural yoghurt liqueur,0.0
bols peppermint white,0.0
bols raspberry liqueur,0.0
bols red orange,0.0
bols strawberry liqueur,0.0
bonal gentiane-quina,0.0
bonal/gentiane-quina aperitifs,0.0
boston bittahs bitters,0.0
botran 18 rum,0.0
botran reserva blanca rum,0.0
bottlegreen coxs apple and plum cordial,0.0
bourbon whiskey,0.0
bourgogne aligoté wine white,0.0
branca menta liqueur,0.0
brandy napoleon c. de gourmont special xo reserve,0.0
breakfast tea,0.0
brewed cold black breakfast tea,0.0
briottet crème de pamplemousse rose liqueur,0.0
briottet fraise de bois liqueur,0.0
british bitter ale,0.0
brooklyn lager,0.0
brugal extra viejo reserva rum,0.0
brut champagne,0.0
budweiser budvar,0.0
buffalo trace bourbon,0.0
bulleit bourbon 10 year old frontier whiskey,0.0
burlesque bitters,0.0
bushmills black bush blended irish whisky,0.0
butterscotch liqueur,0.0
by the dutch batavia indonesian arrack,0.0
byrrh grand quinquina,0.0
byrrh grand quinquina aromatized wine,0.0
bán poitín,0.0
bébo coffee liqueur,0.0
bénédictine d.o.m.,0.0063291139240506
bénédictine d.o.m. liqueur,0.0
cachaça,0.0
calamansi juice,0.0
calvados,0.0
calvados & straight applejacks,0.0
calvados boulard vsop pays dauge,0.0
camomile tea,0.0
camomile tea syrup,0.0
campari,0.0
canadian blended whisky,0.0
canadian icewine,0.0
canadian rye whisky,0.0
cane sugar syrup,0.0
caper brine,0.0
caperitif cape aperitif,0.0
capi yuzu soda,0.0
cappelletti aperitivo,0.0
capri sun multivitamin,0.0
captain morgan black label rum,0.0
captain morgan black spiced rum,0.0
captain morgan spiced rum,0.0
caramel sugar syrup,0.0
caraway seeds,0.0
carbonated/sparkling/selzer mineral water,0.0
cardamaro amaro,0.0
cardamom bitters,0.0
cardamom sugar syrup,0.0
cardenal mendoza,0.0
caribbean blended rum aged 3-5 years,0.0
carpano antica formula vermouth,0.0
carpano classico,0.0
carrot juice,0.0
cartron banane liqueur,0.0
cartron no. 7 liqueur,0.0
cava sparkling wine,0.0
cayenne pepper,0.0
celery bitters,0.0
celery saccharum,0.0
celery salt,0.0
celery stick,0.0
centerba 72 toro liqueur,0.0
chai tea,0.0
chambord liqueur,0.0
chamomile liqueur,0.0
charcoal powder,0.0
chartreuse 1605 liqueur delixir liqueur,0.0
chartreuse liqueur du 9 centenaire,0.0
cherries,0.0
cherry bitters,0.0
cherry brandy liqueur,0.0
cherry juice,0.0
cherry syrup,0.0
cherry tomato,0.0
chianti red wine,0.0
chili & pandan sugar syrup,0.0
chili flakes,0.0
chili pepper sugar syrup,0.0
chili tincture,0.0
chilled water,0.0
chinotto,0.0
chocolate  sugar syrup,0.0
chocolate bitters,0.0
chocolate cream liqueur,0.0
chocolate flavoured whiskey,0.0
chocolate ice-cream,0.0
chocolate milk,0.0
chá mate,0.0
château dyquem sauternes,0.0
cinnamon powder,0.0
cinnamon schnapps & goldwasser liqueurs,0.0
cinnamon stick,0.0
cinnamon sugar syrup,0.0
cinnamon whisky,0.0
cinzano 1757 rosso vermouth,0.0
cinzano 1757 vermouth bianco,0.0
cinzano bianco vermouth,0.0
cinzano orancio vermouth,0.0
citric acid solution,0.0
clamato juice,0.0
claret red wine,0.0
clarified lime juice,0.0
clear apple juice,0.0
clear creek eau de vie of douglas fir,0.0
clement sirop de canne,0.0
clement v.s.o.p. rhum vieux agricole,0.0
clementine juice,0.0
clove,0.0
clove & quince syrup,0.0
clément canne bleue 2016 martinique rhum blanc agricole,0.0
clément créole shrubb liqueur,0.0
cocchi americano bianco,0.0
cocchi americano rosa,0.0
cocchi storico vermouth di torino,0.0
cocktail foamer,0.0
cocoa bitters,0.0
cocoa honey,0.0
coconut liqueur,0.0
coconut milk,0.0
coconut oil,0.0
coconut rum liqueur,0.0
coconut sorbet,0.0
coconut syrup,0.0
coconut water,0.0
coffee bitters,0.0
coffee ice-cream,0.0
coffee liqueur,0.0
coffee schnapps liqueur,0.0
coffee syrup,0.0
cognac,0.0
cola,0.0
cola sugar syrup,0.0
cold brew coffee,0.0
combier elixir,0.0
commandaria cypriot wine,0.0
condensed milk,0.0
connemara single malt irish whiskey,0.0
coriander / cilantro leaves,0.0
coriander seeds,0.0
corona extra,0.0
cotswolds whisky amaro liqueur,0.0
cranberries,0.0
cranberry & morello cherry puree,0.0
cranberry juice,0.0
cranberry liqueur,0.0
cream,0.0
cream of coconut,0.0
cream sherry,0.0
cream soda,0.0
crodino,0.0
crown royal fine de luxe blended canadian whisky,0.0
crème brûlée syrup,0.0
crème de banane liqueur,0.0
crème de cassis liqueur,0.0
crème de figue,0.0
crème de fraise liqueur,0.0
crème de framboise liqueur,0.0
crème de mûre,0.0
crème de noyau liqueur,0.0
crème de pêche  liqueur,0.0
crème de violette liqueur,0.0
crème yvette liqueur,0.0
cucumber,0.0
cucumber juice - use juice extractor english cucumber,0.0
cucumber sugar syrup,0.0
cucumber tonic water,0.0
cumin seeds,0.0
curry leaf,0.0
cut spiced rum,0.0
cynar 70 proof,0.0
cynar or other carciofo amaro,0.0
daiquiri bitters,0.0
dale degroffs pimento bitters,0.0
damson jam,0.0
damson plum preserve,0.0
dandelion & burdock,0.0
dandelion & burdock bitters,0.0
dark chocolate liqueur,0.0
dark crème de cacao liqueur,0.0
dark rum,0.0
dashfire old fashioned bitters,0.0
de kuyper blue curaçao,0.0
de kuyper brown crème de cacao,0.0
de kuyper crème de café liqueur,0.0
de kuyper pineapple liqueur,0.0
de kuyper pucker watermelon schnapps,0.0
de kuyper watermelon liqueur,0.0
demerara / dark muscovado / brown sugar,0.0
demerara syrup,0.0
diamond reserve white overproof rum,0.0
diffords daiquiri bitters,0.0
diffords margarita bitters,0.0
diffords saline solution,0.0
dijon mustard,0.0
diplomatico reserva exclusiva rum,0.0
dirty sue premium olive juice,0.0
disaronno velvet cream liqueur,0.0
dolin blanc vermouth de chambery,0.0
dolin chamberyzette,0.0
dolin rouge vermouth de chambery,0.0
don papa rum,0.0
dr. adam elmegirabs aphrodite bitters,0.0
dr. adam elmegirabs spanish bitters,0.0
drambuie 15 liqueur,0.0
drambuie liqueur,0.0
dry cider,0.0
dry vermouth,0.0
dry white port,0.0
dubonnet red,0.0
dubonnet/french rouge aromatised wine,0.0
dunkel / dark / black lager,0.0
dutch cacao white crème de cacao,0.0
eager apple juice,0.0
eager cranberry juice drink,0.0
eager pineapple juice,0.0
eager pink grapefruit juice,0.0
eager sicilian lemon soda,0.0
earl grey sugar syrup,0.0
earl grey tea,0.0
eau-de-vie dabricot,0.0
edmond briottet crème de pêche liqueur,0.0
edmond briottet liqueur de violette,0.0
egg,0.0
egg white,0.0
el dorado 12 year old rum,0.0
el dorado 3 year old white rum,0.0
el jimador reposado,0.0
elderflower cordial,0.0
elderflower liqueur,0.0
elderflower pressé,0.0
elderflower syrup,0.0
elderflower tonic water,0.0
energy drink,0.0
english harbour 5 year old rum,0.0
english sparkling wine,0.0
equiano light rum,0.0
erdinger weisbier,0.0
espelette chili powder,0.0
espresso coffee,0.0
espresso coffee concentrate,0.0
eucalyptus honey,0.0
evaporated milk,0.0
fabbri amarena mixybar cherry syrup,0.0
falernum liqueur,0.0
falernum syrup,0.0
fee brothers aztec chocolate bitters,0.0
fee brothers black walnut bitters,0.0
fee brothers celery bitters,0.0
fee brothers cherry bitters,0.0
fee brothers grapefruit bitters,0.0
fee brothers lemon bitters,0.0
fee brothers old fashion bitters,0.0
fee brothers peach bitters,0.0
fee brothers plum bitters,0.0
fee brothers rhubarb bitters,0.0
fee brothers west indian orange bitters,0.0
fee brothers whiskey barrel aged bitters,0.0
fennel seeds,0.0
fennel syrup,0.0
fentimans rose lemonade,0.0
fernet branca digestive bitter liqueur,0.0
fernet liqueur,0.0
ferro china baliva,0.0
fever-tree handpicked elderflower tonic,0.0
fever-tree mediterranean tonic water,0.0
fever-tree premium indian tonic water,0.0
fever-tree premium lemonade,0.0
fever-tree premium soda water,0.0
fig sugar syrup,0.0
figs,0.0
filter coffee,0.0
fino sherry,0.0
flor de cana extra dry 4 year old rum,0.0
four roses single barrel bourbon,0.0
four roses small batch bourbon,0.0
framboise eau-de-vie,0.0
frangelico hazelnut liqueur,0.0
french press/cafetière coffee,0.0
fresh dill,0.0
fresh or tinned apricot,0.0
fresh red onion,0.0
fresh tarragon,0.0
freshly extracted celery juice,0.0
freshly grated nutmeg,0.0
freshly squeezed lemon or lime juice,0.0
fruit cup liqueur,0.0
fruit juice,0.0
fruit juice or water,0.0
funkin jalapeño syrup,0.0
funkin pro citric syrup,0.0
g. miclo poire williams eau-de-vie,0.0
gabriel boudier crème de cassis de dijon,0.0
galander fine mustard liqueur,0.0
galliano laperitivo bitter liqueur,0.0
galliano lautentico liqueur,0.0
galliano vanilla liqueur,0.0
gentian liqueur,0.0
get 27,0.0
gewurztraminer white wine,0.0
giffard abricot du roussillon liqueur,0.0
giffard apricot liqueur,0.0
giffard banane du brésil liqueur,0.0
giffard black rose liqueur,0.0
giffard caramel toffee liqueur,0.0
giffard caribbean pineapple liqueur,0.0
giffard coconut syrup,0.0
giffard creme de banane liqueur,0.0
giffard creme de cacao white liqueur,0.0
giffard creme de chataigne,0.0
giffard creme de framboise,0.0
giffard creme de framboise liqueur,0.0
giffard crème de myrtille liqueur,0.0
giffard crème de mûre liqueur,0.0
giffard crème de pêche de vigne liqueur,0.0
giffard crème de violette liqueur,0.0
giffard crème fraise des bois liqueur,0.0
giffard créme de cacao brown liqueur,0.0
giffard fraise des bois,0.0
giffard framboise de ronce,0.0
giffard green apple syrup,0.0
giffard grenadine syrup,0.0
giffard lavender syrup,0.0
giffard menthe pastille white crème de menthe,0.0
giffard mirabelle de lorraine,0.0
giffard mirabelle de lorraine  liqueur,0.0
giffard noir de bourgogne cassis,0.0
giffard orange curacao liqueur,0.0
giffard orgeat syrup,0.0
giffard pamplemousse liqueur,0.0
giffard pamplemousse rose  liqueur,0.0
giffard parfait amour liqueur,0.0
giffard peppermint pastille crème de menthe,0.0
giffard piment despelette chile liqueur,0.0
giffard rhubarbe liqueur,0.0
giffard salted caramel syrup,0.0
giffard sirop de fraises,0.0
giffard sirop de orgeat  syrup,0.0
giffard sugar cane syrup,0.0
giffard vanille de madagascar,0.0
gin,0.0
glayva liqueur,0.0
glenmorangie nectar d’or 15 year old highland single malt whisky,0.0
golden syrup,0.0
gomme syrup,0.0
gonzalez byass tio pepe palomino fino sherry,0.0
gooseberry & mint cordial,0.0
gordons special london dry,0.0
goslings black seal overproof 151,0.0
goslings black seal rum,0.0
grand marnier,0.0
grape soda,0.0
grapefruit,0.0
grapefruit bitters,0.0
grapefruit juice,0.0
grapefruit oleo saccharum,0.0
grapefruit peel/zest,0.0
grapefruit preserve,0.0
grapefruit soda,0.0
grapefruit sugar syrup,0.0
grappa di moscato,0.0
greek yogurt,0.0
green apple,0.0
green cardamom pods,0.0
green chartreuse liqueur,0.0
green food colour gel,0.0
green grapes,0.0
green hot pepper sauce,0.0
green melon liqueur,0.0
green mint  syrup,0.0
green olives,0.0
green tea,0.0
green tea liqueur,0.0
grenadine/pomegranate syrup,0.0
groseille  syrup,0.0
ground coffee,0.0
grüner veltliner dry white wine,0.0
guaaja tiquira,0.0
guava juice,0.0
guinness black lager,0.0
génépi liqueur,0.0
h. theoria procrastination liqueur,0.0
hamilton pimento dram ministry of rum collection liqueur,0.0
harveys pedro ximenez v.o.r.s. sherry,0.0
harveys porter 1859,0.0
havana club anejo blanco rum,0.0
havana club especial,0.0
hazelnut liqueur,0.0
hazelnut oil,0.0
heather honey,0.0
helbing hamburgs kümmel,0.0
hesperidina,0.0
hibiscus flower  petals,0.0
hibiscus flower in syrup,0.0
hibiscus flowers,0.0
hibiscus sugar syrup,0.0
hibiscus tea,0.0
high west campfire whiskey,0.0
high west double rye!,0.0
homemade apple cider syrup,0.0
homemade apple syrup,0.0
homemade paste,0.0
honey,0.0
honey and lavender syrup,0.0
honey flavoured whiskey,0.0
honey liqueur,0.0
honey syrup,0.0
honey water,0.0
hopped grapefruit bitters,0.0
horseradish sauce,0.0
hot chocolate powder,0.0
hot pepper sauce,0.0
hot water,0.0
hpnotiq tropical liqueur,0.0
ice cider,0.0
ice cubes,0.0
india pale ale  beer,0.0
irish cream,0.0
irish whiskey,0.0
irn-bru,0.0
is cogas mirto liquore di sardegna,0.0
italian brandy,0.0
italian red bitter liqueur,0.0
italicus liqueur,0.0
italicus or other rosolio di bergamotto / bergamot liqueur,0.0
izarra green  liqueur,0.0
jack daniels honey liqueur,0.0
jack daniels rye,0.0
jack daniels single barrel select tennessee whiskey,0.0
jack daniels tennessee whiskey,0.0
jade perique la veritable liqueur de tabac,0.0
jalapeno slice,0.0
jameson irish whiskey,0.0
japanese blended whisky,0.0
japanese single malt whisky,0.0
jasmine sugar syrup,0.0
jasmine tea,0.0
jasmine tea sugar syrup,0.0
jeppsons malort,0.0
jerry thomas bitters,0.0
jonge genever,0.0
joseph cartron pamplemousse rose liqueur,0.0
jägermeister,0.0
jägermeister liqueur,0.0
kaffir lime,0.0
kaffir lime leaf,0.0
kahlúa coffee liqueur,0.0
kawakawa leaves,0.0
kendal mint cake liqueur,0.0
ketel one botanical peach & orange blossom,0.0
ketel one cucumber & mint,0.0
ketel one grapefruit & rose,0.0
ketel one peach & orange blossom,0.0
kilbeggan  irish whiskey,0.0
kina aromatised wine,0.0
kirsch liqueur,0.0
kirschwasser  eau-de-vie,0.0
kiwi fruit,0.0
kiwi fruit puree,0.0
kiwi sugar syrup,0.0
knob creek single barrel reserve,0.0
koko kanu coconut rum,0.0
kombucha,0.0
krupnik honey liqueur,0.0
kumquat liqueur,0.0
kumquats,0.0
kuromitsu japanese brown sugar syrup,0.0
kwai feh lychee liqueur,0.0
la hechicera rum,0.0
la vieille prune plum brandy,0.0
lager beer,0.0
lairds blended applejack,0.0
lapponia lakka cloudberry,0.0
lapsang souchong sugar syrup,0.0
lapsang souchong tea,0.0
lapsang souchong tea liqueur,0.0
lavender bitters,0.0
lavender syrup,0.0
le sirop de monin ananas pineapple syrup,0.0
le sirop de monin cannelle  sugar syrup,0.0
le sirop de monin coconut syrup,0.0
le sirop de monin frosted mint  syrup,0.0
le sirop de monin lychee  sugar syrup,0.0
le sirop de monin noisette / hazelnut sugar syrup,0.0
le sirop de monin pamplemousse pink grapefruit syrup,0.0
le sirop de monin passion fruit sugar syrup,0.0
le sirop de monin violette / violet syrup,0.0
lejay creme de framboise  liqueur,0.0
lejay creme de myrtille  liqueur,0.0
lejay liqueur de banane,0.0
lemon,0.0
lemon bitters,0.0
lemon curd,0.0
lemon hart 151 rum,0.0
lemon juice,0.0005889281507656
lemon oleo saccharum,0.0
lemon peel,0.0
lemon sherbet,0.0
lemon sorbet,0.0
lemon syrup,0.0
lemon thyme,0.0
lemon-lime soda,0.0
lemonade,0.0
lemongrass stem,0.0
lemongrass syrup,0.0
lesprit de june liqueur,0.0
licor beirão,0.0
lillet blanc,0.0
lillet rosé,0.0
lillet rouge,0.0
lime,0.0
lime & lemongrass cordial,0.0
lime bitters,0.0
lime cordial,0.0
lime juice,0.0
lime oleo saccharum,0.0
lime shell,0.0
lime zest,0.0
limoncello,0.0
lingon syrup,0.0
liquore strega,0.0
liquorice liqueur,0.0
lot 40 rye whisky,0.0
lucano amaro,0.0
lustau vermut rojo,0.0
luxardo aperitivo,0.0
luxardo bitter bianco liqueur,0.0
luxardo sambuca,0.0
luxardo sangue morlacco cherry liqueur,0.0
lychee juice drink,0.0
lychee rose tea,0.0
lychee syrup,0.0
macadamia nut syrup,0.0
macallan 10 year old sherry oak speyside single malt whisky,0.0
makers mark bourbon,0.0
malbec red wine,0.0
malibu coconut liqueur,0.0
malt extract,0.0
malt vinegar,0.0
manchester drinks co. spiced rum liqueur with roasted pineapple,0.0
mancino rosso amaranto vermouth,0.0
mandarin soda,0.0
mandarine napoleon liqueur,0.0
mango juice,0.0
mango purée,0.0
mango syrup,0.0
manzanilla sherry,0.0
manzoni rosa extra dry spumante,0.0
maple bitters,0.0
maple shrub,0.0
maple syrup,0.0
maraschino,0.0
maraschino  syrup,0.0
maraschino cherries,0.0
maraschino liqueur,0.0
maraska zadarski maraschino liqueur,0.0
margarita bitters,0.0
marinated pineapple wedges,0.0
marsala superiore doc secco wine,0.0
marshmallow mix,0.0
martini ambrato riserva speciale,0.0
martini fiero,0.0
martini riserva speciale ambrato,0.0
martini riserva speciale bitter,0.0
martini riserva speciale rubino,0.0
martini rosato,0.0
martini rosato vermouth,0.0
martini rubino riserva speciale vermouth,0.0
martinique agricole rhum vieux,0.0
martinique v.s.o.p rum,0.0
mascarpone cheese,0.0
mastiha liqueur,0.0
mate energy drink,0.0
matusalem gran reserva solera 15 dominican republic rum,0.0
matusalem platino rum,0.0
mead,0.0
mediterranean tonic water,0.0
meletti amaro,0.0
melon,0.0
mentzendorff kümmel liqueur,0.0
merchants heart tonic water spirit enhancer,0.0
merlot red wine,0.0
mezcal,0.0
midori melon liqueur,0.0
milk,0.0
mimosa syrup,0.0
mincemeat,0.0
mint  sprigs,0.0
mint leaves,0.0
miolo seleção pinot grigio & riesling,0.0
mirabelle  eau-de-vie,0.0
molinari sambuca extra liqueur,0.0
monasterium liqueur,0.0
monin blue curaçao syrup,0.0
monin caramel syrup,0.0
monin gomme syrup,0.0
monin grenadine syrup,0.0
monin kiwi syrup,0.0
monin lavender sugar syrup,0.0
monin mango syrup,0.0
monin orange syrup,0.0
monin orgeat syrup,0.0
monin peach syrup,0.0
monin speculoos syrup,0.0
monin strawberry syrup,0.0
monin vanilla syrup,0.0
monin white chocolate syrup,0.0
monkey shoulder whisky,0.0
montenegro amaro,0.0
morgans spiced rum,0.0
moscatel,0.0
mount gay eclipse silver rum,0.0
mozart chocolate bitters,0.0
mozart white chocolate vanilla cream liqueur,0.0
moët & chandon brut impérial,0.0
mr black coffee liqueur,0.0
mulberry jam,0.0
muscat  wine,0.0
muyu chinotto nero liqueur,0.0
muyu jasmine verte liqueur,0.0
nardini acqua de cedro liqueur,0.0
nardini amaro,0.0
nardini amaro liqueur,0.0
nardini rosso,0.0
navy rum,0.0
nectarine purée,0.0
nixta liqueur,0.0
nocello walnut liqueur,0.0
nonino il moscato grappa,0.0
novo fogo barrel-aged,0.0
nusa caña rum,0.0
o/purist tsipouro,0.0
oat milk / oatmeal water,0.0
ocean spray classic cranberry drink,0.0
old forester signature,0.0
old-fashioned / old time bitters,0.0
olive bitters,0.0
olive brine,0.0
oloroso sherry,0.0
oolong tea,0.0
orange,0.0
orange & fig bitters,0.0
orange & lemon shrub,0.0
orange bitters,0.0111111111111111
orange blossom honey,0.0
orange cream citrate,0.0
orange curaçao,0.0
orange curd,0.0
orange flavoured soda water,0.0
orange flower/blossom water,0.0
orange juice,0.0
orange marmalade,0.0
orange oleo saccharum,0.0
orange peel,0.0
orange peel infused red wine syrup,0.0
orange sherbet,0.0
orange syrup,0.0
oregano leaves,0.0
oreo cookies,0.0
orgeat syrup,0.0294117647058823
orinoco bitters,0.0
oscar no 697 bianco vermouth,0.0
osocalis rare alambic brandy,0.0
ouzo 12,0.0
padró & co. rojo clásico vermouth,0.0
pale ale,0.0
palo cortado sherry,0.0
pama pomegranate liqueur,0.0
pampelle ruby liqueur,0.0
pamplemousse rose  syrup,0.0
paprika powder,0.0
paratudo bitter liqueur,0.0
parfait amour liqueur,0.0
passion fruit,0.0
passion fruit and yuzu cordial,0.0
passion fruit juice,0.0
passion fruit liqueur,0.0
passion fruit puree,0.0
passion fruit syrup,0.0
passion tea,0.0
passoã liqueur,0.0
patron citronge,0.0
patron xo cafe liqueur,0.0
patrón citrónge extra fine orange liqueur,0.0
peach,0.0
peach aperitif liqueur,0.0
peach bitters,0.0
peach purée,0.0
peach schnapps liqueur,0.0
peach syrup,0.0
peach tea,0.0
peachtree peach schnapps,0.0
peanut butter whiskey,0.0
pear bitters,0.0
pear juice,0.0
pear preserve/jam,0.0
pear purée,0.0
pecan liqueur,0.0
pedro ximénez sherry,0.0
peppercorn syrup 1:1,0.0
pernod anise,0.0
pernod anise liqueur,0.0
peroni lager,0.0
perrier-jouët blason rosé champagne,0.0
peychauds aromatic bitters,0.0
peychauds barrel-aged cocktail bitters,0.0
peychauds bitter,0.0
physalis fruits,0.0
pickled cucumber/gherkin brine/vinegar,0.0
picon amer,0.0
picon biere,0.0
pimento bitters,0.0
pimento dram liqueur,0.0
pimms no.1 cup,0.0
pine liqueur,0.0
pineapple,0.0
pineapple & coconut  syrup,0.0
pineapple jam,0.0
pineapple juice,0.0
pineapple marinade syrup,0.0
pineapple puree,0.0
pineapple rum,0.0
pineapple shrub,0.0
pineapple syrup,0.0
pineapple verdita,0.0
pineau des charentes blanc,0.0
pineau des charentes rouge,0.0
pink peppercorns,0.0
pink pigeon single estate mauritian vanilla spiced rum,0.0
pinot grigio white wine,0.0
pinot noir red wine,0.0
piper-heidsieck cuvee brut n.v. champagne,0.0
pisang ambon green banana liqueur,0.0
pisco,0.0
pistachio liqueur,0.0
pistachio sugar syrup,0.0
plantation 3 stars rum,0.0
plantation barbados grande reserve 5 year old rum,0.0
plantation overproof o.f.t.d. rum,0.0
plantation xaymaca pot still rum,0.0
plantation xo 20th anniversary rum,0.0
plum,0.0
plum bitters,0.0
plum jam,0.0
poire william eau-de-vie,0.0
poire william liqueur,0.0
pom wonderful pomegranate juice,0.0
pomegranate juice,0.0
pomegranate liqueur,0.0
pomegranate mollasses,0.0
pomegranate seeds,0.0
pommeau du normandie,0.0
popcorn,0.0
powdered panela sugar,0.0
preserved lemon brine,0.0
prickly pear cactus brandy,0.0
prosecco,0.0
prune syrup,0.0
pumpkin butter,0.0
pumpkin pie spice,0.0
pumpkin puree,0.0
pumpkin spice syrup,0.0
punt e mes or other full-bodied vermouth,0.0
punt e mes vermouth,0.0
pussers british navy rum,0.0
quick brown fox coffee liqueur,0.0
quince bitters,0.0
quince mustard jam,0.0
qīng xiāng/fēn xiāng  baijiu,0.0
r.l. seale’s finest rum,0.0
rabarbaro liqueur,0.0
rainwater/verdelho med-dry madeira,0.0
raisin sugar syrup,0.0
raisins,0.0
ramazzotti amaro,0.0
rangpur/citrus limonia/limão-capeta/limão-cravo fruit,0.0
rare pear brandy,0.0
raspberries,0.0
raspberry & cardamom syrup,0.0
raspberry jam,0.0
raspberry puree,0.0
raspberry syrup,0.0
ratfia de marseille,0.0
real blue agave nectar natural sweetener,0.0
real coco cream of coconut,0.0
red apple,0.0
red bell pepper,0.0
red curaçao liqueur,0.0
red grapes,0.0
red jalapeño/fresno chili  deseeded & chopped,0.0
red stag black cherry,0.0
red vermouth,0.0
red wine vinegar,0.0
red/rosso vermouth semi-dry,0.0
redcurrant jelly,0.0
redcurrants,0.0
regans orange bitters no.6,0.0
remy martin vsop coganc,0.0
rhubarb & orange preserve,0.0
rhubarb bitters,0.0
rhubarb liqueur,0.0
rhubarb sugar syrup,0.0
rhum clément canne bleue nv rhum agricole,0.0
ricard pastis,0.0
ricard pastis de marseille,0.0
riesling wine,0.0
rioja crianza red wine,0.0
rittenhouse straight rye,0.0
roasted buckwheat cordial,0.0
roasted coconut cordial,0.0
roasted coffee beans,0.0
roasted hazelnut sugar syrup,0.0
rocket/arugula salad leaves,0.0
romate don jose oloroso sherry,0.0
ron abuelo 7 años reserva superior rum,0.0
ron barcelo imperial rum,0.0
ron de jeremy xo rum,0.0
rooibos tea,0.0
root beer,0.0
rosato/rosé vermouth,0.0
rose petal liqueur,0.0
rose syrup,0.0
rose water,0.0
rosemary & grapefruit bitters,0.0
rosemary sprig,0.0
rosemary syrup,0.0
rosé champagne,0.0
rothman & winter crème de violette liqueur,0.0
rothman & winter orchard pear liqueur,0.0
routin 1883 orgeat syrup,0.0
ruby port,0.0
ruby red grapefruit,0.0
rum,0.0
rum fire overproof jamaican rum,0.0
rumchata cream liqueur,0.0
rutte & zn 12 oude graan jenever,0.0
rutte old simon genever,0.0
rye whiskey,0.0
saffron & honey syrup,0.0
saffron fronds,0.0
saffron syrup,0.0
sage leaves,0.0
sailor jerry spiced rum,0.0
sake,0.0
salers gentian blue cap,0.0
saline solution 4:1,0.0
salt,0.0
salted caramel syrup,0.0
salted grapefruit soda,0.0
santa fe apple brandy,0.0
santiago de cuba 11yo rum,0.0
sauternes dessert wine,0.0
sauvignon blanc wine,0.0
savoia americano rosso,0.0
sazerac straight rye,0.0
schladerer schwarzwald black forest maraschino liqueur,0.0
schladerer williams-birne,0.0
schnapps,0.0
scotch ale beer,0.0
scotch whisky,0.0
scrappys bitters firewater tincture,0.0
scrappys lavender bitters,0.0
seedlip garden 108,0.0
sercial  madeira wine,0.0
sesame oil,0.0
sexton single malt irish whiskey,0.0
sexy bitters,0.0
sherry vinegar,0.0
shiraz red wine,0.0
shiso leaf,0.0
shochu,0.0
simons no evil bavarian marine rum,0.0
single cream / half-and-half,0.0
single malt welsh whisky,0.0
single pot still irish whiskey,0.0
skinos mastiha,0.0
skipper demerara rum,0.0
skrewball peanut butter whiskey,0.0
slivovitz plum brandy,0.0
small hand foods orgeat,0.0
smith & cross traditional pot still navy strength jamaican rum,0.0
smoked chili bitters,0.0
smooth peanut butter,0.0
soave wine,0.0
soda from siphon,0.0
soda water,0.0
soho lychee liqueur,0.0
solerno delicato blood orange liqueur,0.0
solo coffee cold brew concentrate,0.0
sorrelade,0.0
sotol,0.0
sour apple liqueur,0.0
sour pineapple liqueur,0.0
southern comfort liqueur,0.0
southern usa-style liqueur 40%,0.0
soy milk,0.0
soy sauce,0.0
spanish brandy,0.0
sparkling apple juice,0.0
spiced apple bitters,0.0
spiced rum,0.0
spicy mango syrup,0.0
spinach leaves,0.0
st-germain elderflower liqueur,0.0
st. elizabeth allspice dram liqueur,0.0
st. george spiced pear liqueur,0.0
stambecco cherry amaro,0.0
star anise,0.0
star anise and sage syrup,0.0
star anise syrup,0.0
still/sin gas mineral water,0.0
stout beer,0.0
strawberries,0.0
strawberry candy  syrup,0.0
strawberry jam/preserve/conserve,0.0
strawberry puree,0.0
strawberry shrub syrup,0.0
strawberry sugar syrup,0.0
strega liqueur,0.0
sugar cube,0.0
sugar snap peas,0.0
sugar syrup,0.0
sugar-free sweetener,0.0
suntory toki whisky,0.0
suntory yamazaki 12 year old,0.0
suze,0.0
swedish punsch liqueur,0.0
sweet & sour mix,0.0
sweet vermouth,0.0
sweetcorn,0.0
syrup from luxardo maraschino cherries,0.0
sōmrus chai cream liqueur,0.0
sūpāsawā sour cocktail mixer,0.0
tangerine / mandarin / clementine,0.0
tarragon sugar syrup,0.0
tawny port,0.0
tea - strong white tea,0.0
tea syrup  2:1,0.0
teapot bitters,0.0
teeling small batch irish whiskey,0.0
teichenné peppermint schnapps,0.0
tempus fugit crème de banane liqueur,0.0
tempus fugit crème de noyaux liqueur,0.0
tempus fugit gran classico bitter,0.0
tempus fugit gran classico bitter liqueur,0.0
tennessee whiskey,0.0
tequila,0.0
the balvenie 14 year old caribbean cask speyside single malt whisky,0.0
the bitter truth bogarts bitters,0.0
the bitter truth celery bitters,0.0
the bitter truth creole bitters,0.0
the bitter truth crème de violette,0.0
the bitter truth grapefruit bitters,0.0
the bitter truth jerry thomas bitters,0.0
the bitter truth lemon bitters,0.0
the bitter truth peach bitters,0.0
the bitter truth pimento dram,0.0
the bitter truth spiced chocolate bitters,0.0
the bitter truth wood drops and dashes,0.0
the glenlivet 12yo speyside single malt,0.0
the kraken black spiced rum,0.0
the naked grouse scotch blended whisky,0.0
thomas henry bitter lemon,0.0
three cents aegean tonic water,0.0
three cents pineapple soda,0.0
three cents pink grapefruit soda,0.0
thyme liqueur,0.0
thyme sprig,0.0
tia maria liqueur,0.0
tiki bitters,0.0
tiki lovers pineapple dark rum,0.0
timut pepper,0.0
ting grapefruit soda,0.0
tiptree salted caramel liqueur,0.0
toasted pecan bitters,0.0
toffee liqueur,0.0
tokaji hungarian wine,0.0
tomato juice,0.0
tomato ketchup,0.0
tonic water,0.0
topo chico sparkling mineral water,0.0
torres aqua dor aguardiente,0.0
toschi nocello walnut liqueur de noix,0.0
trader vics macadamia nut liqueur,0.0
trikini mix,0.0
triple sec,0.0
träkál,0.0
tsililis agioneri meteora tsipouro,0.0
tsipouro,0.0
tuaca liqueur,0.0
tullamore d.e.w. irish whiskey,0.0
turmeric & honey syrup,0.0
turmeric bitters,0.0
ultravaganza euro bitters,0.0
umeshu plum sake,0.0
unaged rye spirit,0.0
underberg,0.0
unsalted butter,0.0
vanilla extract,0.0
vanilla ice-cream,0.0
vanilla liqueur,0.0
vanilla pod,0.0
vanilla sugar,0.0
vanilla sugar syrup,0.0
verjuice,0.0
vermouth amaro,0.0
vermouth del professore,0.0
vermouth del professore 2015 vintage antica ricetta vermouth,0.0
vermouth di torino,0.0
vermouth la copa by gonzález byass,0.0
vieille de prune eau-de-vie,0.0
violet sugar syrup,0.0
vodka,0.0
voignier white wine,0.0
von oosten bitter,0.0
vya sweet vermouth,0.0
waqar pisco,0.0
warninks advocaat liqueur,0.0
wasabi leaf,0.0
wasabi paste,0.0
watermelon,0.0
watermelon juice,0.0
watermelon liqueur,0.0
watermelon purée,0.0
watermelon sugar syrup,0.0
watsons demerara rum,0.0
weisse  beer,0.0
whiskey,0.0
whiskey barrel aged bitters,0.0
white balsamic vinegar,0.0
white chocolate grappa liqueur,0.0
white cranberry juice drink,0.0
white crème de cacao liqueur,0.0
white crème de menthe,0.0
white rum,0.0
white sugar,0.0
white truffle honey,0.0
white wine,0.0
white wine syrup,0.0
white wine vinegar,0.0
white zinfandel rosé wine,0.0
wild nettle cordial,0.0
woodford reserve bourbon,0.0
woodford reserve spiced cherry bourbon barrel aged bitters,0.0
woods rum,0.0
worcestershire sauce,0.0
wormwood bitters,0.0
wray & nephew white overproof rum,0.0
xanté pear liqueur,0.0
xocolatl mole bitters,0.0
yellow bell pepper,0.0
yellow bell pepper juice,0.0
yellow chartreuse foam,0.0
yellow chartreuse liqueur,0.0
yoghurt liqueur,0.0
ypioca empalhada ouro cachaca,0.0
yuzu bitters,0.0
yuzu juice,0.0
yuzu liqueur,0.0
yuzu syrup,0.0
yuzushu liqueur,0.0
zaya gran reserva 12 year old rum,0.0
zirbenz stone pine liqueur of the alps,0.0
zoco pacharan navarro,0.0
zucca rabarbaro marca depositata specialita dal 1845,0.0
φι fatourada liqueur,0.0
